name,sum(amount)
User_10,263199.5299999998
User_9,253288.93999999997
User_8,244396.4600000003
User_2,251451.9300000001
User_1,265366.92999999964
User_4,255578.67000000013
User_3,259647.01
User_6,257266.62999999977
User_7,259951.62000000014
User_5,241254.89000000004
